{
    "model_id": "Qwen/Qwen2.5-1.5B-Instruct",
    "scale": "small",
    "timestamp": 1771782254.1385956,
    "sections": {
        "sec1": {
            "peak_kl": 6.346967601776123,
            "peak_js": 0.5744123458862305
        },
        "sec2": {
            "peak_kl": 0.8379585951566696,
            "peak_js": 0.07668005749583244
        },
        "sec3": {
            "peak_kl": 0.018460810789838432,
            "peak_js": 0.004591808957047761
        },
        "post_reset": {
            "kl": 0.0,
            "js": 0.0
        }
    }
}
{
    "model_id": "Qwen/Qwen2.5-3B-Instruct",
    "scale": "medium",
    "timestamp": 1771782350.9795084,
    "sections": {
        "sec1": {
            "peak_kl": 9.631347560882569,
            "peak_js": 0.6652988433837891
        },
        "sec2": {
            "peak_kl": 0.1930790062993765,
            "peak_js": 0.043519851146265866
        },
        "sec3": {
            "peak_kl": 0.019922210648655892,
            "peak_js": 0.005285115540027618
        },
        "post_reset": {
            "kl": 0.0,
            "js": 0.0
        }
    }
}
